{
    "evidence_appropriateness": {
        "document_level": [
            0.6067855355353718,
            0.6287450052191161,
            0.41087138074821,
            0.3450846075375769,
            0.5101315047134752,
            0.43141217817662564,
            0.5440830164223734,
            0.4980206607017559,
            0.568223540154161,
            0.45145476904655796,
            0.20207784117701522,
            0.40252882200831663,
            0.19382916042620005,
            0.47085175075921554,
            0.4982046149101734,
            0.48675415520119714,
            0.4193201405963919,
            0.4181467855308559,
            0.4610213086024097,
            0.21735665567733425,
            0.5141145213073469,
            0.675210748551649,
            0.4464569877345639,
            0.6496051399943099,
            0.441337141192153,
            0.661181303669764,
            0.5741421483913655,
            0.17679217631424157,
            0.686123916574843,
            0.5181301556888988
        ],
        "mean": 0.4702665890854491
    },
    "rouge": {
        "document_level": [
            0.375,
            0.4074074074074074,
            0.3103448275862069,
            0.4583333333333333,
            0.4117647058823529,
            0.41935483870967744,
            0.21428571428571427,
            0.3448275862068966,
            0.2,
            0.6111111111111112,
            0.391304347826087,
            0.6111111111111112,
            0.1,
            0.4444444444444444,
            0.35714285714285715,
            0.5,
            0.4642857142857143,
            0.4444444444444444,
            0.15151515151515152,
            0.3170731707317073,
            0.15384615384615385,
            0.25806451612903225,
            0.15,
            0.35714285714285715,
            0.45454545454545453,
            0.38461538461538464,
            0.3888888888888889,
            0.05405405405405406,
            0.2777777777777778,
            0.6153846153846154
        ],
        "mean": 0.35426901561361457
    },
    "document_ids": [
        "16879858",
        "10893584",
        "19596527",
        "12440965",
        "13934236",
        "12353626",
        "19064426",
        "14280430",
        "10815532",
        "10433869",
        "14036905",
        "11362587",
        "15346940",
        "11128013",
        "12872850",
        "15389058",
        "13135946",
        "19807980",
        "12304672",
        "18417736",
        "12567919",
        "16425412",
        "15014371",
        "10590743",
        "18336565",
        "12137143",
        "16350414",
        "17009417",
        "19856589",
        "19038530"
    ]
}